{"cameraMode":{"drawMode":0,"name":"Shaded","section":"Shading Mode"},"sceneLighting":true,"audioPlay":false,"sceneViewState":{"m_AlwaysRefresh":false,"showFog":true,"showSkybox":true,"showFlares":true,"showImageEffects":true,"showParticleSystems":true,"showVisualEffectGraphs":true,"m_FxEnabled":true},"in2DMode":false,"pivot":{"x":61.34261703491211,"y":-0.9666013717651367,"z":41.458580017089847},"rotation":{"x":0.11133590340614319,"y":-0.15092508494853974,"z":0.016728805378079416,"w":0.9822484254837036},"size":27.92598533630371,"orthographic":false}