{"cameraMode":{"drawMode":0,"name":"Shaded","section":"Shading Mode"},"sceneLighting":true,"audioPlay":false,"sceneViewState":{"m_AlwaysRefresh":false,"showFog":true,"showSkybox":true,"showFlares":true,"showImageEffects":true,"showParticleSystems":true,"showVisualEffectGraphs":true,"m_FxEnabled":true},"in2DMode":false,"pivot":{"x":-3.2290680408477785,"y":9.573383331298829,"z":3.339961051940918},"rotation":{"x":-0.12136667221784592,"y":-0.04851653426885605,"z":0.0059614297933876518,"w":-0.9914365410804749},"size":23.759113311767579,"orthographic":false}